{
  "best_architecture": "arch_4h",
  "hidden_sizes": [
    512,
    256,
    128,
    64
  ],
  "best_optimizer": "SGD_momentum",
  "best_val_accuracy": 0.9935637330348398,
  "train_accuracy": 0.998985588358752,
  "cm_train": [
    [
      5496,
      0,
      0,
      1,
      1
    ],
    [
      0,
      6322,
      0,
      3,
      1
    ],
    [
      0,
      0,
      5631,
      12,
      0
    ],
    [
      0,
      0,
      3,
      5656,
      0
    ],
    [
      0,
      1,
      6,
      1,
      5454
    ]
  ],
  "cm_test": [
    [
      1399,
      0,
      3,
      2,
      1
    ],
    [
      0,
      1542,
      3,
      1,
      5
    ],
    [
      5,
      2,
      1325,
      12,
      3
    ],
    [
      1,
      1,
      2,
      1478,
      0
    ],
    [
      2,
      1,
      1,
      1,
      1357
    ]
  ]
}
